{"train": [0.08080113604242894, 0.06892813687586231, 0.06317084830687163, 0.06011201282916278, 0.05876174692655195, 0.057303750603116, 0.05646657379111275, 0.05599088586855917, 0.05522726113234503, 0.054942983855812144, 0.05427166947785565, 0.0539064759305747, 0.05347471369700756, 0.05314049513107353, 0.052631235472473545, 0.052076096276927664, 0.05181423872404563, 0.0515106641878874, 0.0510921679048849, 0.0510508625966578, 0.05081279181848724, 0.05044316571368367, 0.050193397648204366, 0.049956810056316296, 0.04974208866721082, 0.04960298420855113, 0.049332998068331295, 0.049038499551543956, 0.048988406047937555, 0.048742235326067536, 0.04866657587355815, 0.04850165895733282, 0.048146200438198825, 0.04804754772437611, 0.047985538943817574, 0.047944492679604975, 0.047435100123148735, 0.047510098779633414, 0.04738755031073178, 0.04727549473567547, 0.047043362387452874, 0.04713974789921007, 0.04680472704497535, 0.04667065176298692, 0.04631850122741342, 0.04649058790977469, 0.046269938032511594, 0.04630538062567529, 0.0461223498131336, 0.045819407967684925, 0.0457002484327926, 0.04589256957671824, 0.04558702750989367, 0.04539641702388282, 0.045340927574008504, 0.04515560056143847, 0.04533963798132769, 0.04514764087866904, 0.04530660292811867, 0.04498046039503643, 0.044984606090361166, 0.04489677599920335, 0.04471564384047629, 0.04455468483502045, 0.044301509383703336, 0.044497734121275105, 0.04431967515671851], "val": [0.092342115567393, 0.07912959602686602, 0.07294983080764478, 0.0681716226469222, 0.0662330112520706, 0.06525964439670379, 0.06358951765641167, 0.06325670528049404, 0.06312951031518546, 0.061500040984183955, 0.06132565620607017, 0.06059356138890458, 0.06038044209944437, 0.05953011861876459, 0.05946875670673074, 0.05922969651559519, 0.05844819739561628, 0.0585855846733761, 0.05866552675394593, 0.05826547526678926, 0.05818860829379913, 0.05695199227665324, 0.05763715428199519, 0.05682212899665575, 0.05819784213058852, 0.0562297027633601, 0.05586151344500281, 0.05683747510979506, 0.05689887119129904, 0.056253920806370476, 0.056952079474875655, 0.05622658512957797, 0.056306121008772705, 0.05558369041269494, 0.05518635673876349, 0.05622661431521379, 0.055764765604525, 0.05540662441352332, 0.05537854508194771, 0.05491228710633476, 0.05504399576425754, 0.05475686437047615, 0.0546086801064981, 0.05403591933458842, 0.05376860880720857, 0.054911753785720954, 0.054487128276377916, 0.05436050978086486, 0.05462607449373683, 0.053978617183511726, 0.055376737328195896, 0.05471975553302547, 0.054970839350308116, 0.05455165847229797, 0.053627878446383656, 0.05598571206870917, 0.05349036449616825, 0.0539213168384457, 0.05376380107466232, 0.0542450283049933, 0.05385455209761858, 0.0535584132287752, 0.053702292529664734, 0.05417763158628667, 0.0548589599595682, 0.054201788495521284, 0.05446202969933684]}