{"train": [0.07552107954913463, 0.06233726143790096, 0.05886246435205146, 0.056940621844470976, 0.056057342892237655, 0.054588108981378225, 0.05377822478564344, 0.053242596653102575, 0.05239451590428541, 0.05214479162190547, 0.05116858706698634, 0.05096690911462143, 0.0504401632832307, 0.04988505064561376, 0.04963982060407882, 0.0491374179556022, 0.048744875030598336, 0.048575119572479106, 0.04813421638635606, 0.04816615936735445, 0.04784045736664819, 0.04765144820386019, 0.04730133468093001, 0.04700272742091622, 0.04665262178141286, 0.04653315701335981, 0.04616222703820032, 0.045950287373286464, 0.045946447050195786, 0.04560527081043466, 0.04557640392031683, 0.04524103537883185, 0.04499561326881408, 0.044901273888379535, 0.04478844884867411, 0.044720035838197614, 0.04420498053186992], "val": [0.08256791261452678, 0.06847740943870835, 0.06749010410763927, 0.06290676826737016, 0.06225296846792303, 0.06117199295250749, 0.059419277633817214, 0.05905699967784253, 0.06061301212380263, 0.057583320564967955, 0.057744331066370815, 0.05649426648066052, 0.057019293855724705, 0.05584840984335421, 0.056043104262317754, 0.05532884636793185, 0.054315463539112256, 0.055818043957539906, 0.05551114640626553, 0.05555264442857053, 0.05701173102558666, 0.05374348960892373, 0.05495754620563742, 0.0538625645174368, 0.056876945913442084, 0.05345454355198387, 0.05305710925116531, 0.05536553620461475, 0.054807146734281165, 0.053895550352093334, 0.05529227407296767, 0.05629331429765837, 0.05441670845313048, 0.05378825915977359, 0.05356440884438721, 0.054543222583880696, 0.05523326639337717]}