{"train": [0.006687704939395189, 0.0008377042249776423, 0.0009087863145396113, 0.0007504786481149495, 0.0008287791861221194, 0.0005508674657903612, 0.0006285614799708128, 0.00044022122165188193, 0.0004885970847681165, 0.00048016945947892964], "val": [0.008368381812364201, 0.0009211826949136924, 0.0007775719423079863, 0.000699237810543061, 0.0006443622848812745, 0.0006060222367523238, 0.0005845931369880087, 0.0005601142001978587, 0.0005659613892600067, 0.0005283016120797997]}